epoch,sc_train_loss
0,0.6984760761260986
1,0.6908822655677795
2,0.6697961688041687
3,0.6359274387359619
4,0.577273964881897
5,0.5342971682548523
6,0.4469849765300751
7,0.38462957739830017
8,0.3244844973087311
9,0.28336724638938904
