epoch,sc_val_f1
0,0.6259256910185449
1,0.6279130365960692
2,0.6277511514695113
3,0.626288439912266
4,0.6255220210968756
5,0.6132571249350955
6,0.6283139225554076
7,0.617241345680763
8,0.6254501249169625
9,0.6233557977616165
